"2","128252758024269825","128887783275126785","12","桾兰餐厅","输入","18869906022","浦阳街道隆泰43号","0","http://47.114.83.0:9101/images/5f0321c0e2b362020_07_065f0321c0e2b3d.jpg","http://120.55.56.103:9101//mini_app_qrcode/5f013715a31e0.jpg","7","16/6/2020 10:07:25","23/6/2020 10:07:25","3/7/2020 11:40:31"
"6","131343608040140801","128887783275126785","5","花桥中心小学","输入","13868914226","花桥","0","http://47.114.83.0:9101/images/5f0321c0e2b362020_07_065f0321c0e2b3d.jpg","http://120.55.56.103:9101//mini_app_qrcode/5efe99c67d1d2.jpg","15","28/6/2020 13:12:42","13/7/2020 13:12:42","3/7/2020 11:40:31"
"10","131752433612251137","131088865338331137","0","老坛 酸菜牛肉面","输入","18257867581","黄宅    镇府路15号","0","http://47.114.83.0:9101/images/5f0321c0e2b362020_07_065f0321c0e2b3d.jpg","http://120.55.56.103:9101//mini_app_qrcode/5efe9c0dad4b1.jpg","4","2/7/2020 12:33:09","6/7/2020 12:33:09","3/7/2020 11:40:31"
"13","131873239516344320","128249823810818048","0","浦江县人民医院","输入","13706893388","浦阳   恒昌大道","0","http://47.114.83.0:9101/images/5f0321c0e2b362020_07_065f0321c0e2b3d.jpg","http://120.55.56.103:9101//mini_app_qrcode/5efee43a925dd.jpg","2","3/7/2020 15:54:34","5/7/2020 15:54:34","3/7/2020 11:40:31"
"15","131874627826782209","128249823810818048","0","浙江浦江赛丽尔家纺有限公司","输入","18805798851","开发区  金垒路169号","0","http://47.114.83.0:9101/images/5f0321c0e2b362020_07_065f0321c0e2b3d.jpg","http://120.55.56.103:9101//mini_app_qrcode/5efe987a932c3.jpg","7","17/6/2020 21:42:41","24/6/2020 21:42:41","3/7/2020 11:40:31"
"17","132061392176984065","128878511887765505","0","老钵头","输入","15258958778","开发区
","0","http://47.114.83.0:9101/images/5f0321c0e2b362020_07_065f0321c0e2b3d.jpg","http://120.55.56.103:9101//mini_app_qrcode/5f0135bb64f8f.jpg","3","18/6/2020 10:04:49","21/6/2020 10:04:49","3/7/2020 11:40:31"
"18","132062717598023681","128878511887765505","0","巴蜀自助火锅","请输入内容","18723738677","开发区  许山路259号","0","http://47.114.83.0:9101/images/5f0321c0e2b362020_07_065f0321c0e2b3d.jpg","http://120.55.56.103:9101//mini_app_qrcode/5efe98e73678b.jpg","7","18/6/2020 10:10:05","25/6/2020 10:10:05","3/7/2020 11:40:31"
"19","132065949334425601","128878511887765505","0","美食客快餐店","输入","13606799560","开发区  永在大道898号","0","http://47.114.83.0:9101/images/5f0321c0e2b362020_07_065f0321c0e2b3d.jpg","http://120.55.56.103:9101//mini_app_qrcode/5efe97cf92130.jpg","3","18/6/2020 10:22:55","21/6/2020 10:22:55","3/7/2020 11:40:31"
"20","132070992431341569","128878511887765505","0","茗香园","输入","15267417867","仙华    星碧大道6-8号","0","http://47.114.83.0:9101/images/5f0321c0e2b362020_07_065f0321c0e2b3d.jpg","http://47.114.83.0:9101//mini_app_qrcode/5f0321d983662.jpg","1","18/6/2020 10:42:58","19/6/2020 10:42:58","3/7/2020 11:40:31"
"21","132071298196103168","128878511887765505","0","好食来烤鱼","s1","13575928476","仙华   星碧大道86-8","0","http://47.114.83.0:9101/images/5f0321c0e2b362020_07_065f0321c0e2b3d.jpg","http://47.114.83.0:9101//mini_app_qrcode/5f031e4408c0f.jpg","5","18/6/2020 10:44:11","23/6/2020 10:44:11","3/7/2020 11:40:31"
"22","132077967495983105","128249823810818048","6","五谷坊","输入","15657953888","浦阳   中山南路47号","0","http://47.114.83.0:9101/images/5f0321c0e2b362020_07_065f0321c0e2b3d.jpg","http://120.55.56.103:9101//mini_app_qrcode/5f0135a7d2685.jpg","2","18/6/2020 11:10:41","20/6/2020 11:10:41","3/7/2020 11:40:31"
"23","132078245309906944","128249823810818048","0","客满园","输入","13515899859","仙华   东山路488号","0","http://47.114.83.0:9101/images/5f0321c0e2b362020_07_065f0321c0e2b3d.jpg","http://120.55.56.103:9101//mini_app_qrcode/5efe9f805459a.jpg","3","3/7/2020 11:01:20","6/7/2020 11:01:20","3/7/2020 11:40:31"
"24","132078498620702720","128249823810818048","8","浦江兴丰客","刘四2","13566778893","浦阳   中山南路22号","0","http://47.114.83.0:9101/images/5f0321c0e2b362020_07_065f0321c0e2b3d.jpg","http://120.55.56.103:9101//mini_app_qrcode/5f02da08f1d01.jpg","1","6/7/2020 16:00:08","7/7/2020 16:00:08","3/7/2020 11:40:31"
"25","132078985965273088","131088865338331137","0","五谷坊","输入","15657953888"," 黄宅   新华路67号","0","http://47.114.83.0:9101/images/5f0321c0e2b362020_07_065f0321c0e2b3d.jpg","http://120.55.56.103:9101//mini_app_qrcode/5f0188f4824c8.jpg","3","5/7/2020 16:01:56","8/7/2020 16:01:56","3/7/2020 11:40:31"
"26","132079141901107200","131088865338331137","0","黄宅兴丰客","输入","18957966077","黄宅   新华路73号","0","http://47.114.83.0:9101/images/5f0321c0e2b362020_07_065f0321c0e2b3d.jpg","http://120.55.56.103:9101//mini_app_qrcode/5f018945d8abe.jpg","2","5/7/2020 16:03:17","7/7/2020 16:03:17","3/7/2020 11:40:31"
"27","132079366644498432","131088865338331137","0","小食候湘（浦江县芝慧饭店）","输入","15070490965","黄宅  工商路11号","0","http://47.114.83.0:9101/images/5f0321c0e2b362020_07_065f0321c0e2b3d.jpg","http://120.55.56.103:9101//mini_app_qrcode/5efe9a13de725.jpg","2","3/7/2020 09:34:42","5/7/2020 09:34:42","3/7/2020 11:40:31"
"28","132179828995592193","131088865338331137","0","浦江县白马弘一老米线","输入","13738916239","白马  浦东东路","0","http://47.114.83.0:9101/images/5f0321c0e2b362020_07_065f0321c0e2b3d.jpg","http://120.55.56.103:9101//mini_app_qrcode/5f0294aaac8d7.jpg","15","2/7/2020 19:52:09","17/7/2020 19:52:09","3/7/2020 11:40:31"
"29","132180239987056641","128887783275126785","0","好得火锅","输入","13484093360","浦阳   人民西路29号1967文创园","0","http://47.114.83.0:9101/images/5f0321c0e2b362020_07_065f0321c0e2b3d.jpg","http://120.55.56.103:9101//mini_app_qrcode/5f028610692bd.jpg","2","5/7/2020 15:35:09","7/7/2020 15:35:09","3/7/2020 11:40:31"
"30","132180529893154816","128887783275126785","0","胃将军麻辣烫","输入","15058568885","浦阳  文创园G1-1F-7","0","http://47.114.83.0:9101/images/5f0321c0e2b362020_07_065f0321c0e2b3d.jpg","http://120.55.56.103:9101//mini_app_qrcode/5efe98ba1fc98.jpg","7","2/7/2020 19:54:22","9/7/2020 19:54:22","3/7/2020 11:40:31"
"31","132180741726478336","128887783275126785","0","一把火烧烤","输入","15205792027","浦阳    文创园","0","http://47.114.83.0:9101/images/5f0321c0e2b362020_07_065f0321c0e2b3d.jpg","http://120.55.56.103:9101//mini_app_qrcode/5efe99e94a640.jpg","15","28/6/2020 13:06:37","13/7/2020 13:06:37","3/7/2020 11:40:31"
"32","135073468470267904","128249823810818048","0","浦江盛宴大酒店","输入","18767918150","仙华   街道","0","http://47.114.83.0:9101/images/5f0321c0e2b362020_07_065f0321c0e2b3d.jpg","http://120.55.56.103:9101//mini_app_qrcode/5f0069e3a9255.jpg","7","3/7/2020 07:57:27","10/7/2020 07:57:27","3/7/2020 11:40:31"
"33","135073805570674688","128249823810818048","0","品记堡","输入","18906792727","浦阳   江滨东路1区1号","0","http://47.114.83.0:9101/images/5f0321c0e2b362020_07_065f0321c0e2b3d.jpg","http://120.55.56.103:9101//mini_app_qrcode/5efe9c668d24b.jpg","15","2/7/2020 16:49:36","17/7/2020 16:49:36","3/7/2020 11:40:31"
"34","135075126189236224","128249823810818048","0","浦江县新浦江饭店","输入","15258950459","浦阳  中山北路30号","0","http://47.114.83.0:9101/images/5f0321c0e2b362020_07_065f0321c0e2b3d.jpg","http://120.55.56.103:9101//mini_app_qrcode/5efe99122b594.jpg","2","26/6/2020 17:40:19","28/6/2020 17:40:19","3/7/2020 11:40:31"
"35","136047274475130880","131090822316695553","18","鱼环饺子馆","输入","13586981057","仙华  金垒大道425号","0","http://47.114.83.0:9101/images/5f0321c0e2b362020_07_065f0321c0e2b3d.jpg","http://120.55.56.103:9101//mini_app_qrcode/5f0289863c82f.jpg","15","3/7/2020 10:41:57","18/7/2020 10:41:57","3/7/2020 11:40:31"
"36","136049688116731905","128249823810818048","0","思缘饭店","输入","13116895804","浦南   蒋塘路263号","0","http://47.114.83.0:9101/images/5f0321c0e2b362020_07_065f0321c0e2b3d.jpg","http://120.55.56.103:9101//mini_app_qrcode/5efeeb4c613df.jpg","7","3/7/2020 09:11:16","10/7/2020 09:11:16","3/7/2020 11:40:31"
"37","136051685465264128","128887783275126785","0","米兰酒店","输入","15058573670","浦阳  江滨中路18号","0","http://120.55.56.103:9101/images/5ef9548c3399b2020_06_295ef9548c339ab.jpg","http://120.55.56.103:9101//mini_app_qrcode/5efe994563cbb.jpg","7","29/6/2020 10:20:49","6/7/2020 10:20:49","3/7/2020 11:40:31"
"38","136057334311952384","128249823810818048","0","祥子小吃（浦江县陈二饭店）","输入","13566950969","仙华   班班大道99-59号","0","http://120.55.56.103:9101/images/5ef955c40b07f2020_06_295ef955c40b08c.jpg","http://120.55.56.103:9101//mini_app_qrcode/5efe996344b0c.jpg","15","29/6/2020 10:43:16","14/7/2020 10:43:16","3/7/2020 11:40:31"
"39","136057610259410945","128249823810818048","0","第1家大鸡排","输入","13484099946","浦阳   中山南路16号","0","http://120.55.56.103:9101/images/5ef95603bb64b2020_06_295ef95603bb658.jpg","http://120.55.56.103:9101//mini_app_qrcode/5efe9ccef0be8.jpg","15","2/7/2020 16:51:42","17/7/2020 16:51:42","1/7/2020 11:42:12"
"40","136405559761965056","128878511887765505","0","自选大食堂","输入","15157910508","仙华   前方大道168-95","0","http://120.55.56.103:9101/images/5efd4523751002020_07_025efd45237510b.jpg","http://120.55.56.103:9101//mini_app_qrcode/5efe9c30d5252.jpg","10","30/6/2020 09:46:59","10/7/2020 09:46:59","1/7/2020 11:42:12"
"41","137514544858664961","128249823810818048","0","浦江县郞玛针织有限公司","输入","13906791712","开发区  金垒号大道133号","0","http://120.55.56.103:9101/images/5efea264c272f2020_07_035efea264c273b.jpg","http://120.55.56.103:9101//mini_app_qrcode/5efea4efb5cad.jpg","7","3/7/2020 11:13:42","10/7/2020 11:13:42","1/7/2020 11:42:12"
"42","137515023667830785","128878511887765505","0","浦江县水晶产业园区管理委员会  东部","输入","123","郑宅  东部水晶园区","0","http://120.55.56.103:9101/images/5efea2ca1c5502020_07_035efea2ca1c55c.jpg","http://120.55.56.103:9101//mini_app_qrcode/5efea5178f3d1.jpg","7","3/7/2020 11:15:36","10/7/2020 11:15:36","1/7/2020 11:42:12"
"43","137516143970623488","128878511887765505","0","浦江县水晶产业园区管理委员会中部","输入","123","郑宅  中部水晶园区","0","http://120.55.56.103:9101/images/5efea3d9cda642020_07_035efea3d9cda6f.jpg","http://120.55.56.103:9101//mini_app_qrcode/5efea504ee420.jpg","7","3/7/2020 11:20:03","10/7/2020 11:20:03","1/7/2020 11:42:12"
"44","137517029740519424","128249823810818048","0","生态环境局浦江分局","输入","84112759","浦南  文溪东路329号
","0","http://120.55.56.103:9101/images/5efea4acdfc3f2020_07_035efea4acdfc4c.jpg","http://120.55.56.103:9101//mini_app_qrcode/5efea4b726edc.jpg","7","3/7/2020 11:23:34","10/7/2020 11:23:34","3/7/2020 11:23:34"
"45","137543253590282240","128249823810818048","0","浦江宏盛工艺有限公司","输入","13906791280","开发区金垒大道188号
","0","http://120.55.56.103:9101/images/5efebd20e17972020_07_035efebd20e17a3.jpg","http://120.55.56.103:9101//mini_app_qrcode/5efebd234bc09.jpg","7","3/7/2020 13:07:47","10/7/2020 13:07:47","3/7/2020 13:07:47"
"46","137543718784733184","128887783275126785","0","浦江县柴火坊餐厅","输入","18957996177","浦阳铜桥村毛桥148号
","0","http://120.55.56.103:9101/images/5efebd901d8682020_07_035efebd901d874.jpg","http://120.55.56.103:9101//mini_app_qrcode/5efebd9241c2c.jpg","7","3/7/2020 13:09:37","10/7/2020 13:09:37","3/7/2020 13:09:37"
"47","137544417484480512","128887783275126785","0","浦江县韩悦温泉酒店有限公司","输入","13735792656","浦阳  翠湖路2-18号
","0","http://120.55.56.103:9101/images/5efebe36c6a772020_07_035efebe36c6a83.jpg","http://120.55.56.103:9101//mini_app_qrcode/5efebe38ca281.jpg","7","3/7/2020 13:12:24","10/7/2020 13:12:24","3/7/2020 13:12:24"
"48","137544835597869056","128887783275126785","0","浦江县滨松烤肉店（牛太郎)","输入","18757942008","浦阳  环城东路176号
","0","http://120.55.56.103:9101/images/5efebe9a1b5ee2020_07_035efebe9a1b5fa.jpg","http://120.55.56.103:9101//mini_app_qrcode/5efebe9c7a1b3.jpg","4","3/7/2020 13:14:04","7/7/2020 13:14:04","3/7/2020 13:14:04"
"49","137545530531127296","131088865338331137","0","浦江轩悦中餐厅","输入","18257061333","黄宅  浦义路99号
","0","http://120.55.56.103:9101/images/5efebf4017c962020_07_035efebf4017ca1.jpg","http://120.55.56.103:9101//mini_app_qrcode/5efebf423441c.jpg","2","3/7/2020 13:16:49","5/7/2020 13:16:49","3/7/2020 13:16:49"
"50","137547031634776064","128887783275126785","0","浦江县钱源餐饮服务有限公司","输入","15258951022","浦阳  翠湖路688号
","0","http://120.55.56.103:9101/images/5efec0a1393ab2020_07_035efec0a1393ba.jpg","http://120.55.56.103:9101//mini_app_qrcode/5efec0a81ab41.jpg","7","3/7/2020 13:22:47","10/7/2020 13:22:47","3/7/2020 13:22:47"
"51","137547476847562752","128887783275126785","0","浦江兴丰客","输入","18867176081","浦阳  和平北路96号","0","http://120.55.56.103:9101/images/5efec10fdb6d62020_07_035efec10fdb6e3.jpg","http://120.55.56.103:9101//mini_app_qrcode/5efec155b0876.jpg","1","3/7/2020 13:24:33","4/7/2020 13:24:33","3/7/2020 13:24:33"
"52","137548080143671296","128249823810818048","0","浦江兴丰客","输入","18867179507","中山南路22号
","0","http://120.55.56.103:9101/images/5efec19ec98f22020_07_035efec19ec98fe.jpg","http://120.55.56.103:9101//mini_app_qrcode/5efec1a21105d.jpg","1","3/7/2020 13:26:57","4/7/2020 13:26:57","3/7/2020 13:26:57"
"53","137548839400775680","128249823810818048","0","浦江澳门豆捞餐饮有限公司","输入","13506587197","浦阳  中山南路8号
","0","http://120.55.56.103:9101/images/5efec254cad242020_07_035efec254cad2f.jpg","http://120.55.56.103:9101//mini_app_qrcode/5efec25710c10.jpg","4","3/7/2020 13:29:58","7/7/2020 13:29:58","3/7/2020 13:29:58"
"54","137549245572980736","128249823810818048","0","浦江县浦阳新重氏老重庆火锅店","输入","13484093360","浦阳  江滨东路7号
","0","http://120.55.56.103:9101/images/5efec2b609fe02020_07_035efec2b609fec.jpg","http://120.55.56.103:9101//mini_app_qrcode/5efec2b7e6a8d.jpg","1","3/7/2020 13:31:35","4/7/2020 13:31:35","3/7/2020 13:31:35"
"55","137549658309271552","128887783275126785","0","浦阳好得火锅","输入","13484093360","浦阳  人民西路29号1967文创园
","0","http://120.55.56.103:9101/images/5efec317d55e82020_07_035efec317d55f4.jpg","http://120.55.56.103:9101//mini_app_qrcode/5efec31a5b9bb.jpg","1","3/7/2020 13:33:14","4/7/2020 13:33:14","3/7/2020 13:33:14"
"56","137550049218404352","128887783275126785","0","隔壁妈妈","输入","13566957993","浦阳  新华东路48号
","0","http://120.55.56.103:9101/images/5efec375d90382020_07_035efec375d9044.jpg","http://120.55.56.103:9101//mini_app_qrcode/5efec377803a2.jpg","7","3/7/2020 13:34:47","10/7/2020 13:34:47","3/7/2020 13:34:47"
"57","137550530351210496","128887783275126785","0","隔壁妈妈","输入","18757985096","浦阳  文创园
","0","http://120.55.56.103:9101/images/5efec3e668f3c2020_07_035efec3e668f48.jpg","http://120.55.56.103:9101//mini_app_qrcode/5efec3ea3e5c9.jpg","7","3/7/2020 13:36:42","10/7/2020 13:36:42","3/7/2020 13:36:42"
"58","137552033195503617","128887783275126785","0","智庆小吃店、项长春小吃店","输入","13735791675","浦阳  新华西路39号.41号
","0","http://120.55.56.103:9101/images/5efec547bce1b2020_07_035efec547bce26.jpg","http://120.55.56.103:9101//mini_app_qrcode/5efec5508e84b.jpg","15","3/7/2020 13:42:40","18/7/2020 13:42:40","3/7/2020 13:42:40"
"59","137552639154991104","128878511887765505","0","云南香辣米线","输入","15257921309"," 福泰隆广场P123.1楼

","0","http://120.55.56.103:9101/images/5efec5df58d0f2020_07_035efec5df58d1b.jpg","http://120.55.56.103:9101//mini_app_qrcode/5efec5e1089dd.jpg","15","3/7/2020 13:45:04","18/7/2020 13:45:04","3/7/2020 13:45:04"
"60","137553293562884096","128249823810818048","0","望仙楼饭店 ","输入","13857915328","浦阳  望仙路134号
","0","http://120.55.56.103:9101/images/5efec676a8daa2020_07_035efec676a8db6.jpg","http://120.55.56.103:9101//mini_app_qrcode/5efec67d0e352.jpg","4","3/7/2020 13:47:40","7/7/2020 13:47:40","3/7/2020 13:47:40"
"61","137597690568515584","128249823810818048","0","凌锋包子","输入","13867947577","浦阳  中山北路32号
","0","http://120.55.56.103:9101/images/5efeefd3df3e42020_07_035efeefd3df3f0.jpg","http://120.55.56.103:9101//mini_app_qrcode/5efeefd61c613.jpg","15","3/7/2020 16:44:05","18/7/2020 16:44:05","3/7/2020 16:44:05"
"64","137937044906192896","128249823810818048","0","7月4","测试","137","测试地址，","0","http://120.55.56.103:9101/images/5f002bde784e22020_07_045f002bde784ee.png","http://120.55.56.103:9101//mini_app_qrcode/5f002be28bf14.jpg","1","4/7/2020 15:12:34","5/7/2020 15:12:34","4/7/2020 15:12:34"
"65","137939047317250048","128887783275126785","0","江西小炒","输入","15988254111","浦阳 南江路一区9号
13606760573
","0","http://120.55.56.103:9101/images/5f002dbce7a772020_07_045f002dbce7a83.jpg","http://120.55.56.103:9101//mini_app_qrcode/5f002dbfe1b03.jpg","10","4/7/2020 15:20:31","14/7/2020 15:20:31","4/7/2020 15:20:31"
"66","137939604098523136","128249823810818048","0","龙居堂","输入","13735715360","浦阳  文宣东路56号
","0","http://120.55.56.103:9101/images/5f002e4334d0e2020_07_045f002e4334d1a.jpg","http://120.55.56.103:9101//mini_app_qrcode/5f002e449c23e.jpg","10","4/7/2020 15:22:44","14/7/2020 15:22:44","4/7/2020 15:22:44"
"67","137939968034086912","128887783275126785","0","馍馍哥","输入","18938705867","浦阳  新华西路35号
","0","http://120.55.56.103:9101/images/5f002e99442f42020_07_045f002e9944300.jpg","http://120.55.56.103:9101//mini_app_qrcode/5f002e9b6da24.jpg","15","4/7/2020 15:24:11","19/7/2020 15:24:11","4/7/2020 15:24:11"
"68","137940429168451584","128249823810818048","0","益条条过桥米线","输入","84114688","浦阳  中山南路1-6号
","0","http://120.55.56.103:9101/images/5f002f042ea682020_07_045f002f042ea8b.jpg","http://120.55.56.103:9101//mini_app_qrcode/5f002f095e1ad.jpg","15","4/7/2020 15:26:01","19/7/2020 15:26:01","4/7/2020 15:26:01"
"69","137940745976819712","128249823810818048","0","瘦子饺子店","输入","18858940675","浦阳  中山南路1-7号
","0","http://120.55.56.103:9101/images/5f002f52b545c2020_07_045f002f52b5468.jpg","http://120.55.56.103:9101//mini_app_qrcode/5f002f54d9415.jpg","15","4/7/2020 15:27:16","19/7/2020 15:27:16","4/7/2020 15:27:16"
"70","137941129298456576","128249823810818048","0","浙江省浦江经济开发区管理委员会","输入","1","开发区  亚太大道569号
","0","http://120.55.56.103:9101/images/5f002fa92b0d72020_07_045f002fa92b0e2.jpg","http://120.55.56.103:9101//mini_app_qrcode/5f002fb054ab3.jpg","7","4/7/2020 15:28:48","11/7/2020 15:28:48","4/7/2020 15:28:48"
"71","137941400384712704","128887783275126785","0","吉鼎煌火锅店","输入","13868913890","浦阳  翠湖路18号
","0","http://120.55.56.103:9101/images/5f002feebeb462020_07_045f002feebeb52.jpg","http://120.55.56.103:9101//mini_app_qrcode/5f002ff0e22de.jpg","7","4/7/2020 15:29:52","11/7/2020 15:29:52","4/7/2020 15:29:52"
"72","137941695810514944","128878511887765505","0","杰灵铜压铸有限公司","输入","13758942903","开发区  一点红大道966号-3
","0","http://120.55.56.103:9101/images/5f003034bb6ba2020_07_045f003034bb6c5.jpg","http://120.55.56.103:9101//mini_app_qrcode/5f00303758efb.jpg","10","4/7/2020 15:31:03","14/7/2020 15:31:03","4/7/2020 15:31:03"
"73","137944399345623040","128249823810818048","0","本塘酸菜鱼","输入","15958439904","浦南  东方和园
","0","http://120.55.56.103:9101/images/5f00309f8f2372020_07_045f00309f8f24b.jpg","http://120.55.56.103:9101//mini_app_qrcode/5f0032bbe2a18.jpg","15","4/7/2020 15:41:47","19/7/2020 15:41:47","4/7/2020 15:41:47"
"74","137947130722525184","128887783275126785","0","浦江县民政局","输入","1","浦阳  环城西路182号
","0","http://120.55.56.103:9101/images/5f00353f9d3e22020_07_045f00353f9d3ee.jpg","http://120.55.56.103:9101//mini_app_qrcode/5f0035472775e.jpg","10","4/7/2020 15:52:38","14/7/2020 15:52:38","4/7/2020 15:52:38"
"75","137947484705005568","128249823810818048","0","浦江县市场监督管理局","输入","13958478095","浦阳
","0","http://120.55.56.103:9101/images/5f00358e2c1bc2020_07_045f00358e2c1c8.jpg","http://120.55.56.103:9101//mini_app_qrcode/5f00359b8c3cb.jpg","10","4/7/2020 15:54:03","14/7/2020 15:54:03","4/7/2020 15:54:03"
"76","137947990504513536","128887783275126785","0","浙江省浦江县中医院","输入","13857911932","浦阳 新华西路1号
","0","http://120.55.56.103:9101/images/5f00360c84c102020_07_045f00360c84c1c.jpg","http://120.55.56.103:9101//mini_app_qrcode/5f00361429822.jpg","7","4/7/2020 15:56:03","11/7/2020 15:56:03","4/7/2020 15:56:03"
"77","137948401655357440","128249823810818048","0","浦江县人民政府浦阳街道办事处","输入","1","浦阳 江滨中路58号
","0","http://120.55.56.103:9101/images/5f0036738b30e2020_07_045f0036738b31b.jpg","http://120.55.56.103:9101//mini_app_qrcode/5f0036762e82c.jpg","7","4/7/2020 15:57:41","11/7/2020 15:57:41","4/7/2020 15:57:41"
"78","137948706702893056","128887783275126785","0","杨田生态处理中心","输入","1","浦阳
","0","http://120.55.56.103:9101/images/5f0036bd2d7a52020_07_045f0036bd2d7b1.jpg","http://120.55.56.103:9101//mini_app_qrcode/5f0036bf07833.jpg","4","4/7/2020 15:58:54","8/7/2020 15:58:54","4/7/2020 15:58:54"
"79","137949532095782912","128887783275126785","0","兰州拉面","输入","18097486085","浦阳  西山北路143号
","0","http://120.55.56.103:9101/images/5f00378129d5b2020_07_045f00378129d67.jpg","http://120.55.56.103:9101//mini_app_qrcode/5f003783c1191.jpg","15","4/7/2020 16:02:11","19/7/2020 16:02:11","4/7/2020 16:02:11"
"80","137949807812550656","128887783275126785","0","东明牛清汤","输入","15888958321","浦阳  环城西路189号
","0","http://120.55.56.103:9101/images/5f0037c2af5682020_07_045f0037c2af578.jpg","http://120.55.56.103:9101//mini_app_qrcode/5f0037c56d183.jpg","10","4/7/2020 16:03:17","14/7/2020 16:03:17","4/7/2020 16:03:17"
"81","137950127640813568","128878511887765505","14","浙江浦江永进工贸有限公司","输入","88089016","开发区  三禾路118号
","0","http://120.55.56.103:9101/images/5f00380fd66062020_07_045f00380fd661f.jpg","http://120.55.56.103:9101//mini_app_qrcode/5f00683109ef1.jpg","10","4/7/2020 16:04:33","14/7/2020 16:04:33","4/7/2020 16:04:33"
"82","137950530751176704","128249823810818048","0","浙江省浦江伯虎链条有限公司","输","1","开发区  亚太大道565号
","0","http://120.55.56.103:9101/images/5f003860e64bb2020_07_045f003860e64c6.jpg","http://120.55.56.103:9101//mini_app_qrcode/5f0286e7a2241.jpg","10","4/7/2020 16:06:09","14/7/2020 16:06:09","4/7/2020 16:06:09"
"83","137951064623161344","128249823810818048","0","光平牛肉馆","输","13606797607","浦阳 仙华路22号-12-1
","0","http://120.55.56.103:9101/images/5f0038ef5ba8a2020_07_045f0038ef5ba96.jpg","http://120.55.56.103:9101//mini_app_qrcode/5f0286f13833e.jpg","10","4/7/2020 16:08:16","14/7/2020 16:08:16","4/7/2020 16:08:16"
"84","138223524249612288","128249823810818048","0","有滋有味","输入","84107077","浦阳  东山路38号
","0","http://120.55.56.103:9101/images/5f0136ae8e6e72020_07_055f0136ae8e6f2.jpg","http://120.55.56.103:9101//mini_app_qrcode/5f0136b07a943.jpg","7","5/7/2020 10:10:56","12/7/2020 10:10:56","5/7/2020 10:10:56"
"85","138224343699173376","128249823810818048","0","小家小味饭店","输入","13566956091","浦阳  中山南路2区48号
","0","http://120.55.56.103:9101/images/5f013771eedff2020_07_055f013771eee0a.jpg","http://120.55.56.103:9101//mini_app_qrcode/5f013773d3cfd.jpg","10","5/7/2020 10:14:11","15/7/2020 10:14:11","5/7/2020 10:14:11"
"86","138224856696102912","128249823810818048","0","陈家厨房","输入","13566955170","开发区 一点红大道58号
","0","http://120.55.56.103:9101/images/5f0137ec028c32020_07_055f0137ec028cf.jpg","http://120.55.56.103:9101//mini_app_qrcode/5f0285e54aa70.jpg","2","5/7/2020 10:16:13","7/7/2020 10:16:13","5/7/2020 10:16:13"
"87","138225115291721728","128878511887765505","0","浦江县楠童餐厅","输入","13735792301","开发区  永在大道
","0","http://120.55.56.103:9101/images/5f01382a5c4342020_07_055f01382a5c43f.jpg","http://120.55.56.103:9101//mini_app_qrcode/5f01382bd256e.jpg","7","5/7/2020 10:17:15","12/7/2020 10:17:15","5/7/2020 10:17:15"
"88","138225407999614976","128249823810818048","0","浦江县人力资源和社会保障局","输入","13516791075","浦阳  中山路97号
","0","http://120.55.56.103:9101/images/5f01386f2f4712020_07_055f01386f2f47d.jpg","http://120.55.56.103:9101//mini_app_qrcode/5f0138719147d.jpg","7","5/7/2020 10:18:25","12/7/2020 10:18:25","5/7/2020 10:18:25"
"89","138225985383309312","128249823810818048","0","农佳餐厅","输入","13396791868","开发区  平七路767号
","0","http://120.55.56.103:9101/images/5f0138f783f742020_07_055f0138f783f80.jpg","http://120.55.56.103:9101//mini_app_qrcode/5f0138fb52725.jpg","7","5/7/2020 10:20:43","12/7/2020 10:20:43","5/7/2020 10:20:43"
"90","138226921929449472","128878511887765505","0","红烧羊肉  （松英饭店）","输入","13967952109","开发区  前方大道
","0","http://120.55.56.103:9101/images/5f0139d86aa882020_07_055f0139d86aa95.jpg","http://120.55.56.103:9101//mini_app_qrcode/5f0139da86f97.jpg","7","5/7/2020 10:24:26","12/7/2020 10:24:26","5/7/2020 10:24:26"
"91","138227228184944640","131088865338331137","0","黄宅尚等鲜牛（浦江县辰玥牛肉馆）","输入","13706893334","黄宅  迎宾路117号
","0","http://120.55.56.103:9101/images/5f013a21a88302020_07_055f013a21a8844.jpg","http://120.55.56.103:9101//mini_app_qrcode/5f013a2391dcd.jpg","7","5/7/2020 10:25:39","12/7/2020 10:25:39","5/7/2020 10:25:39"
"92","138227718960455680","128249823810818048","0","伟师牛清汤","输入","15988552863","仙华  伟师牛清汤
","0","http://120.55.56.103:9101/images/5f013a973e0652020_07_055f013a973e071.jpg","http://120.55.56.103:9101//mini_app_qrcode/5f013a9890c76.jpg","15","5/7/2020 10:27:36","20/7/2020 10:27:36","5/7/2020 10:27:36"
"93","138227995629330432","128887783275126785","0","农保、浦江县白林农贸市场、小燕子","输入","13758943961","浦阳  白林农贸市场
","0","http://120.55.56.103:9101/images/5f013ad8f3db52020_07_055f013ad8f3dc0.jpg","http://120.55.56.103:9101//mini_app_qrcode/5f013ada8eb8e.jpg","7","5/7/2020 10:28:42","12/7/2020 10:28:42","5/7/2020 10:28:42"
"94","138229052459720704","128878511887765505","0","东部水晶园区","输入","15367489108","郑宅
","0","http://120.55.56.103:9101/images/5f013bd4dcc872020_07_055f013bd4dcc95.jpg","http://120.55.56.103:9101//mini_app_qrcode/5f013bd6813df.jpg","7","5/7/2020 10:32:54","12/7/2020 10:32:54","5/7/2020 10:32:54"
"95","138229241908043776","128878511887765505","0","每一天大食堂","输入","15367489108","郑宅","0","http://120.55.56.103:9101/images/5f013c01cc9172020_07_055f013c01cc923.jpg","http://120.55.56.103:9101//mini_app_qrcode/5f013c03adec0.jpg","7","5/7/2020 10:33:39","12/7/2020 10:33:39","5/7/2020 10:33:39"
"96","138229504140124160","128878511887765505","0","浦江县郑宅镇卫生院","输入","15925915509","郑宅","0","http://120.55.56.103:9101/images/5f013c40598b62020_07_055f013c40598c2.jpg","http://120.55.56.103:9101//mini_app_qrcode/5f013c423d688.jpg","7","5/7/2020 10:34:41","12/7/2020 10:34:41","5/7/2020 10:34:41"
"97","138229785787637760","131088865338331137","0","小食候湘（浦江县芝慧饭店）","输入","15070490965","黄宅 工商路11号
","0","http://120.55.56.103:9101/images/5f013c82c518f2020_07_055f013c82c519b.jpg","http://120.55.56.103:9101//mini_app_qrcode/5f0285dc433a5.jpg","2","5/7/2020 10:35:49","7/7/2020 10:35:49","5/7/2020 10:35:49"
"98","138230224478281728","128887783275126785","0","梨弎岁烤肉店","输入","18069959573","浦阳  文创园1310
","0","http://120.55.56.103:9101/images/5f013cec188122020_07_055f013cec1881f.jpg","http://120.55.56.103:9101//mini_app_qrcode/5f028669e50ac.jpg","3","5/7/2020 10:37:33","8/7/2020 10:37:33","5/7/2020 10:37:33"
"99","138230547045425152","131088865338331137","0","浦江县姐弟石锅鱼","输入","13857913135","黄宅  新华综合市场15.16号
","0","http://120.55.56.103:9101/images/5f013d39165f22020_07_055f013d39165fe.jpg","http://120.55.56.103:9101//mini_app_qrcode/5f013d3ad5807.jpg","2","5/7/2020 10:38:50","7/7/2020 10:38:50","5/7/2020 10:38:50"
"100","138230837521948672","128878511887765505","0","浦江县南部水晶园区餐厅","输入","15372935156","潘宅
","0","http://120.55.56.103:9101/images/5f013d7e2e8e02020_07_055f013d7e2e8ec.jpg","http://120.55.56.103:9101//mini_app_qrcode/5f0286b92a544.jpg","10","5/7/2020 10:39:59","15/7/2020 10:39:59","5/7/2020 10:39:59"
"101","138231222332563456","131088865338331137","0","茗香园","输入","17855112883","黄宅  兴工路30号
","0","http://120.55.56.103:9101/images/5f013dd8ec77d2020_07_055f013dd8ec788.jpg","http://120.55.56.103:9101//mini_app_qrcode/5f013ddbd9520.jpg","2","5/7/2020 10:41:31","7/7/2020 10:41:31","5/7/2020 10:41:31"
"102","138231610137915392","128887783275126785","0","浦江县康泰园养老院","输入","13646595650","前吴
","0","http://120.55.56.103:9101/images/5f013e361d9492020_07_055f013e361d955.jpg","http://120.55.56.103:9101//mini_app_qrcode/5f0285be858e1.jpg","10","5/7/2020 10:43:04","15/7/2020 10:43:04","5/7/2020 10:43:04"
"103","138231947359956992","128887783275126785","0","前吴湖鲜8号","输入","18057900505","前吴
","0","http://120.55.56.103:9101/images/5f013e871de9e2020_07_055f013e871deaa.jpg","http://120.55.56.103:9101//mini_app_qrcode/5f0285fa24d3f.jpg","3","5/7/2020 10:44:24","8/7/2020 10:44:24","5/7/2020 10:44:24"
"104","138232195679531008","128887783275126785","0","山水人家","输入 ","13735792525","前吴
","0","http://120.55.56.103:9101/images/5f013ec2c809b2020_07_055f013ec2c80a8.jpg","http://120.55.56.103:9101//mini_app_qrcode/5f0285cb4e5d6.jpg","2","5/7/2020 10:45:23","7/7/2020 10:45:23","5/7/2020 10:45:23"
"105","138232652221132800","131090822316695553","0","浦江县前吴乡卫生院","输入","89383789","前吴
","0","http://120.55.56.103:9101/images/5f013f13ce5352020_07_055f013f13ce541.jpg","http://120.55.56.103:9101//mini_app_qrcode/5f0285d816274.jpg","15","5/7/2020 10:47:12","20/7/2020 10:47:12","5/7/2020 10:47:12"
"106","138233407824998400","131090822316695553","0","垃圾中转站（浦江县前吴乡人民政府）","输入","18357926998","前吴
","0","http://120.55.56.103:9101/images/5f013fe2cd62c2020_07_055f013fe2cd639.jpg","http://120.55.56.103:9101//mini_app_qrcode/5f013fe4ea15e.jpg","15","5/7/2020 10:50:12","20/7/2020 10:50:12","5/7/2020 10:50:12"
"107","138233787048800256","131090822316695553","0","浦江县前吴乡人民政府","输入","18357926998","前吴乡政府食堂
","0","http://120.55.56.103:9101/images/5f01403dd788d2020_07_055f01403dd7899.jpg","http://120.55.56.103:9101//mini_app_qrcode/5f028614c3155.jpg","10","5/7/2020 10:51:43","15/7/2020 10:51:43","5/7/2020 10:51:43"
"108","138234037767516160","128249823810818048","0","浙江饰然工贸有限公司","东","15258930880","开发区 亚太大道567号
","0","http://120.55.56.103:9101/images/5f01407956c192020_07_055f01407956c24.jpg","http://120.55.56.103:9101//mini_app_qrcode/5f02871ad1b4c.jpg","10","5/7/2020 10:52:42","15/7/2020 10:52:42","5/7/2020 10:52:42"
"109","138234315631767552","128249823810818048","0","七里天津包子","输入","18367951371","仙华  七里菜市场
","0","http://120.55.56.103:9101/images/5f0140ba6f2492020_07_055f0140ba6f254.jpg","http://120.55.56.103:9101//mini_app_qrcode/5f0140bd54171.jpg","15","5/7/2020 10:53:49","20/7/2020 10:53:49","5/7/2020 10:53:49"
"110","138234565650034688","128878511887765505","0","浦江县西子制锁厂","输入","13706890567","开发区前方大道168-30号
","0","http://120.55.56.103:9101/images/5f0140f71138e2020_07_055f0140f71139a.jpg","http://120.55.56.103:9101//mini_app_qrcode/5f0286c4d3f87.jpg","10","5/7/2020 10:54:48","15/7/2020 10:54:48","5/7/2020 10:54:48"
"111","138234966621302784","128878511887765505","0","  沙县小吃","输入","15257920879","开发区  三禾路7号对面
","0","http://120.55.56.103:9101/images/5f014156a70c52020_07_055f014156a70d1.jpg","http://120.55.56.103:9101//mini_app_qrcode/5f0287259ba71.jpg","15","5/7/2020 10:56:24","20/7/2020 10:56:24","5/7/2020 10:56:24"
"112","138261375351791616","128249823810818048","0"," 浦江放心小吃","输入","15888957386","开发区  金垒大道七里
","0","http://120.55.56.103:9101/images/5f0159eee0fd02020_07_055f0159eee0fdb.jpg","http://120.55.56.103:9101//mini_app_qrcode/5f0286d01ab79.jpg","10","5/7/2020 12:41:20","15/7/2020 12:41:20","5/7/2020 12:41:20"
"113","138262876988116992","131088865338331137","0","小东手干面","sr ","15988550260","黄宅  建设银行对面
","0","http://120.55.56.103:9101/images/5f015b54e62c02020_07_055f015b54e62cc.jpg","http://120.55.56.103:9101//mini_app_qrcode/5f02856106973.jpg","10","5/7/2020 12:47:18","15/7/2020 12:47:18","5/7/2020 12:47:18"
"114","138585676462436352","131088865338331137","0","浦江县白马面馆","输入","15058568686","白马 傅宅南路","0","http://120.55.56.103:9101/images/5f0287f68baf82020_07_065f0287f68bb07.jpg","http://120.55.56.103:9101//mini_app_qrcode/5f029a3308b8f.jpg","15","6/7/2020 10:10:00","21/7/2020 10:10:00","6/7/2020 10:10:00"
"115","138586022832254976","131088865338331137","0","黄宅荞麦面","输入","15967922112","黄宅  建设银行对面
","0","http://120.55.56.103:9101/images/5f028848a27522020_07_065f028848a275e.jpg","http://120.55.56.103:9101//mini_app_qrcode/5f02884ae2687.jpg","10","6/7/2020 10:11:22","16/7/2020 10:11:22","6/7/2020 10:11:22"
"116","138586572403515392","131088865338331137","0","和慧早餐店","输入","18768155146","黄宅 建设银行对面
","0","http://120.55.56.103:9101/images/5f0288caa4acb2020_07_065f0288caa4ad7.jpg","http://120.55.56.103:9101//mini_app_qrcode/5f0288cddf925.jpg","10","6/7/2020 10:13:33","16/7/2020 10:13:33","6/7/2020 10:13:33"
"117","138586847092678656","131088865338331137","0","浙江亚华工贸有限公司食堂","输入","15958438881","黄宅
","0","http://120.55.56.103:9101/images/5f02890ce282f2020_07_065f02890ce283f.jpg","http://120.55.56.103:9101//mini_app_qrcode/5f02890f6b553.jpg","7","6/7/2020 10:14:39","13/7/2020 10:14:39","6/7/2020 10:14:39"
"118","138587257446604800","128249823810818048","0","老四川饭店  ","输入","13758918179","一点红大道普信事务所对面
","0","http://120.55.56.103:9101/images/5f02896e903c32020_07_065f02896e903cf.jpg","http://120.55.56.103:9101//mini_app_qrcode/5f0289713c8d3.jpg","10","6/7/2020 10:16:17","16/7/2020 10:16:17","6/7/2020 10:16:17"
"119","138587825590247424","131090822316695553","0","浦江县英利锁业有限公司","输入","15067978899","中余
","0","http://120.55.56.103:9101/images/5f0289f643bf02020_07_065f0289f643bfc.jpg","http://120.55.56.103:9101//mini_app_qrcode/5f0289f8ab3f3.jpg","15","6/7/2020 10:18:32","21/7/2020 10:18:32","6/7/2020 10:18:32"
"120","138588133762539520","128878511887765505","0","浦江程利服饰有限公司","输入","13957929590","开发区  前方大道168-57
","0","http://120.55.56.103:9101/images/5f028a34c77f02020_07_065f028a34c7804.jpg","http://120.55.56.103:9101//mini_app_qrcode/5f028a4230aff.jpg","7","6/7/2020 10:19:45","13/7/2020 10:19:45","6/7/2020 10:19:45"
"121","138588921750626304","128887783275126785","0","浦江县土香园饭店","输入","13867943696","浦阳 西山北路3号
","0","http://120.55.56.103:9101/images/5f028afc179242020_07_065f028afc17930.jpg","http://120.55.56.103:9101//mini_app_qrcode/5f028afe1897d.jpg","7","6/7/2020 10:22:53","13/7/2020 10:22:53","6/7/2020 10:22:53"
"122","138589206988464128","128249823810818048","0"," 镇江锅盖面","输入","18967979257","开发区  亚太大道518号
","0","http://120.55.56.103:9101/images/5f028b3ef29a82020_07_065f028b3ef29b4.jpg","http://120.55.56.103:9101//mini_app_qrcode/5f028b427ae9a.jpg","10","6/7/2020 10:24:01","16/7/2020 10:24:01","6/7/2020 10:24:01"
"123","138589561860141056","128887783275126785","0","肥牛捞锅","输入","13758917559","浦阳 人民西路29号
","0","http://120.55.56.103:9101/images/5f028b939071d2020_07_065f028b9390729.jpg","http://120.55.56.103:9101//mini_app_qrcode/5f028b96a93d3.jpg","4","6/7/2020 10:25:26","10/7/2020 10:25:26","6/7/2020 10:25:26"
"124","138590236648157184","131088865338331137","0","悦来客饭店","输入","15858972172","白马 金盛路1号
","0","http://120.55.56.103:9101/images/5f028c33d0cd02020_07_065f028c33d0cdb.jpg","http://120.55.56.103:9101//mini_app_qrcode/5f028c37879c6.jpg","15","6/7/2020 10:28:07","21/7/2020 10:28:07","6/7/2020 10:28:07"
"125","138590670859284480","131088865338331137","0","华悦饭店 ","输入","13665863696","白马  浦峰路7号
","0","http://120.55.56.103:9101/images/5f028c9ac603f2020_07_065f028c9ac604c.jpg","http://120.55.56.103:9101//mini_app_qrcode/5f028c9f18004.jpg","15","6/7/2020 10:29:50","21/7/2020 10:29:50","6/7/2020 10:29:50"
"126","138591660157181952","131088865338331137","0","浦江县鸿运酒家","输入","15888950263","白马  浦东工商所后面
","0","http://120.55.56.103:9101/images/5f028d88d44592020_07_065f028d88d4465.jpg","http://120.55.56.103:9101//mini_app_qrcode/5f028d8af04d0.jpg","15","6/7/2020 10:33:46","21/7/2020 10:33:46","6/7/2020 10:33:46"
"127","138592199095885824","131088865338331137","0","敏芬小吃店、豆浆店","输入","18358965591","白马  金茂路2-1号
","0","http://120.55.56.103:9101/images/5f028de3996782020_07_065f028de399684.jpg","http://120.55.56.103:9101//mini_app_qrcode/5f02b6d0e6bf2.jpg","15","6/7/2020 10:35:55","21/7/2020 10:35:55","6/7/2020 10:35:55"
"128","138592473302704128","131088865338331137","0","添添牛肉馆","输入","13868915501","白马  浦峰东路2号
","0","http://120.55.56.103:9101/images/5f028e4a33ec72020_07_065f028e4a33ed8.jpg","http://120.55.56.103:9101//mini_app_qrcode/5f028e4c9b4ea.jpg","15","6/7/2020 10:37:00","21/7/2020 10:37:00","6/7/2020 10:37:00"
"129","138592842858635264","131088865338331137","0","春丽面馆","输入","15968560707","白马  浦东路10号
","0","http://120.55.56.103:9101/images/5f028ea2eed802020_07_065f028ea2eed8c.jpg","http://120.55.56.103:9101//mini_app_qrcode/5f028ea4c24c5.jpg","15","6/7/2020 10:38:28","21/7/2020 10:38:28","6/7/2020 10:38:28"
"130","138593085557841920","131088865338331137","0","财记小吃","输入","15257920315","白马  浦东路10号
","0","http://120.55.56.103:9101/images/5f028edd1c66c2020_07_065f028edd1c678.jpg","http://120.55.56.103:9101//mini_app_qrcode/5f028ede98449.jpg","15","6/7/2020 10:39:26","21/7/2020 10:39:26","6/7/2020 10:39:26"
"131","138593356493103104","131088865338331137","0","遵义羊肉粉","输入","18757650330","白马  腾飞中路65号
","0","http://120.55.56.103:9101/images/5f028f1b0706f2020_07_065f028f1b0707d.jpg","http://120.55.56.103:9101//mini_app_qrcode/5f028f1f37268.jpg","15","6/7/2020 10:40:31","21/7/2020 10:40:31","6/7/2020 10:40:31"
"132","138593715844292608","131088865338331137","0","浦江县晓青小吃店","输入","15727918506","白马  傅宅南路66号
","0","http://120.55.56.103:9101/images/5f028f73700852020_07_065f028f7370091.jpg","http://120.55.56.103:9101//mini_app_qrcode/5f028f74dacca.jpg","15","6/7/2020 10:41:56","21/7/2020 10:41:56","6/7/2020 10:41:56"
"133","138594094346674176","131088865338331137","0","浦江弈轩汉堡店、堡中堡","输入","15967926803","白马  浦峰路众合大厦
","0","http://120.55.56.103:9101/images/5f028fcd8d9782020_07_065f028fcd8d985.jpg","http://120.55.56.103:9101//mini_app_qrcode/5f028fcf28777.jpg","15","6/7/2020 10:43:27","21/7/2020 10:43:27","6/7/2020 10:43:27"
"134","138594377042763776","131088865338331137","0","聚泉牛肉馆","输入","13867948512","白马  腾飞路52号
","0","http://120.55.56.103:9101/images/5f02901110e6a2020_07_065f02901110e76.jpg","http://120.55.56.103:9101//mini_app_qrcode/5f029012ac7c8.jpg","15","6/7/2020 10:44:34","21/7/2020 10:44:34","6/7/2020 10:44:34"
"135","138594927301894144","131088865338331137","0","浦江县建艳小吃店、骨惑仔","输入","13989599802","白马 天中路40号
","0","http://120.55.56.103:9101/images/5f029094482b92020_07_065f029094482c9.jpg","http://120.55.56.103:9101//mini_app_qrcode/5f02b96213ec5.jpg","15","6/7/2020 10:46:45","21/7/2020 10:46:45","6/7/2020 10:46:45"
"136","138632332704747520","131088865338331137","0","浦江县豆包、煎包","饰然","15967921727","白马 傅宅南路68-1号
","0","http://120.55.56.103:9101/images/5f02b36a0ba452020_07_065f02b36a0ba51.jpg","http://120.55.56.103:9101//mini_app_qrcode/5f02b36bd8ca3.jpg","15","6/7/2020 13:15:23","21/7/2020 13:15:23","6/7/2020 13:15:23"
"137","138632621969117184","131088865338331137","0","浦江县帆帆餐馆、开心煲仔饭","饰然","15258900872","白马   傅宅南路47号
","0","http://120.55.56.103:9101/images/5f02b3aecdd482020_07_065f02b3aecdd72.jpg","http://120.55.56.103:9101//mini_app_qrcode/5f02b3b0cbaf5.jpg","15","6/7/2020 13:16:32","21/7/2020 13:16:32","6/7/2020 13:16:32"
"138","138632859127648256","131088865338331137","0","永红拉面馆","饰然","13646598197","白马 傅宅南路131号
","0","http://120.55.56.103:9101/images/5f02b3e7726132020_07_065f02b3e77261f.jpg","http://120.55.56.103:9101//mini_app_qrcode/5f02b3e987c30.jpg","15","6/7/2020 13:17:29","21/7/2020 13:17:29","6/7/2020 13:17:29"
"139","138633224325697536","131088865338331137","0","浦江县明杰面馆","饰然","15267923339","白马  腾飞中路7号
","0","http://120.55.56.103:9101/images/5f02b43e1013d2020_07_065f02b43e10148.jpg","http://120.55.56.103:9101//mini_app_qrcode/5f02b4406f17f.jpg","15","6/7/2020 13:18:56","21/7/2020 13:18:56","6/7/2020 13:18:56"
"140","138633504924635136","131088865338331137","0","浦江县涵轩饭店","输入","18042223444","白马 傅宅南路121号
","0","http://120.55.56.103:9101/images/5f02b481bd74f2020_07_065f02b481bd75f.jpg","http://120.55.56.103:9101//mini_app_qrcode/5f02b4834e1ef.jpg","15","6/7/2020 13:20:03","21/7/2020 13:20:03","6/7/2020 13:20:03"
"141","138633782512062464","131088865338331137","0","浦江县白马镇艳华小吃","输入","15882698787","白马  腾飞中路39号
","0","http://120.55.56.103:9101/images/5f02b4c3c9d812020_07_065f02b4c3c9d8d.jpg","http://120.55.56.103:9101//mini_app_qrcode/5f02b67914238.jpg","15","6/7/2020 13:21:09","21/7/2020 13:21:09","6/7/2020 13:21:09"
"142","138634032769413120","131088865338331137","0","浦江县比克利","输入.","15068030298","白马  傅宅南路88号
","0","http://120.55.56.103:9101/images/5f02b4ffa986f2020_07_065f02b4ffa987b.jpg","http://120.55.56.103:9101//mini_app_qrcode/5f02bec473a0b.jpg","15","6/7/2020 13:22:09","21/7/2020 13:22:09","6/7/2020 13:22:09"
"143","138634297207697408","131088865338331137","0","张记烧烤（白马）","输入","18867923294","白马  车站
","0","http://120.55.56.103:9101/images/5f02b53e72d892020_07_065f02b53e72d95.jpg","http://120.55.56.103:9101//mini_app_qrcode/5f02bb9dbe3d7.jpg","14","6/7/2020 13:23:12","20/7/2020 13:23:12","6/7/2020 13:23:12"
"144","138634578066681856","131088865338331137","0","浦江县老饭店","输入","13575926215","白马 浦东路3号","0","http://120.55.56.103:9101/images/5f02b581258592020_07_065f02b58125865.jpg","http://120.55.56.103:9101//mini_app_qrcode/5f02b76158c86.jpg","15","6/7/2020 13:24:19","21/7/2020 13:24:19","6/7/2020 13:24:19"
"145","138634818672930816","131088865338331137","0","浦江县苗元面馆（白马）","输入","13309726771","白马  傅宅南路111号
","0","http://120.55.56.103:9101/images/5f02b5ba760122020_07_065f02b5ba7601e.jpg","http://120.55.56.103:9101//mini_app_qrcode/5f02b8f15abc9.jpg","14","6/7/2020 13:25:16","20/7/2020 13:25:16","6/7/2020 13:25:16"
"146","138635115826786304","131088865338331137","0","浦江郭超汉堡店、麦嘉基","输入","13373840253","白马  傅宅南路55号
","0","http://120.55.56.103:9101/images/5f02b6013f4772020_07_065f02b6013f483.jpg","http://120.55.56.103:9101//mini_app_qrcode/5f02b96739860.jpg","15","6/7/2020 13:26:27","21/7/2020 13:26:27","6/7/2020 13:26:27"
"147","138635344034672640","131088865338331137","0","浦江北京灌汤包（白马）","输入","17706847609","白马   傅宅南路66号
","0","http://120.55.56.103:9101/images/5f02b637d6f942020_07_065f02b637d6fa4.jpg","http://120.55.56.103:9101//mini_app_qrcode/5f02bb8dc3fdb.jpg","14","6/7/2020 13:27:21","20/7/2020 13:27:21","6/7/2020 13:27:21"
"148","138748765547794433","136028254497673217","0","测试","1","13577778888","1","0","http://47.114.83.0:9101/images/5f031fda1a7802020_07_065f031fda1a787.jpg","http://47.114.83.0:9101//mini_app_qrcode/5f031fdbbc129.jpg","1","6/7/2020 20:58:03","7/7/2020 20:58:03","6/7/2020 20:58:03"
"149","138750809146925057","136028254497673217","0","12","1","1","1","0","http://47.114.83.0:9101/images/5f0321c0e2b362020_07_065f0321c0e2b3d.jpg","http://47.114.83.0:9101//mini_app_qrcode/5f0322a70f805.jpg","1","6/7/2020 21:06:10","7/7/2020 21:06:10","6/7/2020 21:06:10"
